Phone,Account.Length,VMail.Message,Day.Mins,Day.Calls,Day.Charge,Eve.Mins,Eve.Calls,Eve.Charge,Night.Mins,Night.Calls,Night.Charge,Intl.Mins,Intl.Calls,Intl.Charge,CustServ.Calls,Churn.
395-5015,98,31,181.6,112,30.87,220.7,100,18.76,236.3,121,10.63,12.9,4,3.48,2,False.
369-1929,180,0,224.9,105,38.23,250,101,21.25,216.1,73,9.72,6.7,5,1.81,3,True.
347-5063,160,0,171.2,103,29.1,243.5,121,20.7,178.2,92,8.02,13,3,3.51,2,False.
388-8670,154,0,166.9,99,28.37,154.9,97,13.17,189.4,89,8.52,7.2,5,1.94,0,False.
402-1556,159,0,87.7,103,14.91,278.2,97,23.65,170.6,93,7.68,10.5,10,2.84,1,False.
337-1225,66,0,34,133,5.78,278.6,61,23.68,129.6,120,5.83,11.5,3,3.11,0,False.
397-8162,106,0,191.4,124,32.54,200.7,116,17.06,230.1,76,10.35,8.2,3,2.21,1,False.
348-5767,43,0,199.9,108,33.98,288.4,80,24.51,180.6,103,8.13,11.3,7,3.05,1,False.
368-9860,137,0,110.5,79,18.79,223.2,111,18.97,169.5,64,7.63,10.5,3,2.84,3,False.
379-2503,116,0,133.3,94,22.66,247.8,126,21.06,219,78,9.86,11.3,5,3.05,5,True.
351-7309,80,0,276.5,122,47.01,195.6,79,16.63,210.3,78,9.46,7.2,3,1.94,1,True.
393-3976,116,0,205,90,34.85,140.9,114,11.98,272.6,96,12.27,7.5,4,2.03,2,False.
419-9097,140,0,231.9,101,39.42,160.1,94,13.61,110.4,98,4.97,14.3,6,3.86,3,False.
365-9696,74,0,221.1,124,37.59,110.8,94,9.42,240.1,112,10.8,10.6,3,2.86,0,False.
356-1582,68,0,178.7,61,30.38,252.3,84,21.45,255.7,76,11.51,8.4,4,2.27,1,False.
374-1213,225,0,182.7,142,31.06,246.5,63,20.95,218,103,9.81,8.8,2,2.38,1,False.
361-7283,78,0,108.6,108,18.46,209.9,126,17.84,222.6,117,10.02,7.9,5,2.13,1,True.
333-3595,93,0,176.1,103,29.94,199.7,130,16.97,263.9,96,11.88,8.5,6,2.3,2,False.
380-2558,33,29,157.4,99,26.76,117.9,80,10.02,279.2,79,12.56,13.9,11,3.75,4,True.
399-8615,108,35,215.9,106,36.7,200.6,107,17.05,195.4,107,8.79,15.5,7,4.19,0,False.
345-1994,93,22,306.2,123,52.05,189.7,83,16.12,240.3,107,10.81,11.7,2,3.16,0,False.
386-8432,124,0,151,98,25.67,120.6,119,10.25,152.8,81,6.88,9.2,2,2.48,2,False.
411-3578,158,0,175.9,105,29.9,188.3,88,16.01,188.3,98,8.47,11,6,2.97,1,False.
398-9870,190,22,166.5,93,28.31,183,92,15.56,121,102,5.44,8.5,3,2.3,0,False.
416-8697,44,0,240.3,146,40.85,164.6,83,13.99,240.7,106,10.83,10.6,2,2.86,1,False.
345-7014,70,0,230.3,110,39.15,77.9,87,6.62,247.1,105,11.12,13.2,4,3.56,1,False.
403-7627,35,27,241.7,87,41.09,142,101,12.07,288.9,68,13,9.4,4,2.54,1,False.
356-2302,110,0,188,127,31.96,90.5,118,7.69,150.3,64,6.76,15.3,3,4.13,3,False.
335-8146,128,0,158.8,75,27,264.8,91,22.51,270,77,12.15,7.6,7,2.05,1,False.
387-7641,143,0,110.1,113,18.72,169,59,14.37,166.7,94,7.5,9.2,2,2.48,1,False.
369-5942,149,0,156,56,26.52,56,116,4.76,163.3,104,7.35,8.9,8,2.4,0,False.
419-9104,123,0,194,118,32.98,242,114,20.57,146.3,108,6.58,12.1,4,3.27,1,False.
335-9786,90,0,214.9,97,36.53,117.8,117,10.01,133.7,78,6.02,11.8,2,3.19,2,False.
414-7410,109,0,162.6,138,27.64,154,109,13.09,209.7,118,9.44,11.5,4,3.11,0,False.
332-2462,39,0,60.4,158,10.27,306.2,120,26.03,123.9,46,5.58,12.4,3,3.35,1,False.
394-3312,15,0,141.4,80,24.04,123.9,76,10.53,323.5,88,14.56,8.1,3,2.19,2,False.
390-6388,103,29,164.1,111,27.9,219.1,96,18.62,220.3,108,9.91,12.3,9,3.32,0,False.
342-4122,119,0,287.1,115,48.81,159.3,99,13.54,216.8,86,9.76,13.9,1,3.75,2,True.
382-4952,119,0,154.5,129,26.27,193.6,87,16.46,180.9,145,8.14,13.4,3,3.62,2,False.
422-8268,107,0,194.4,83,33.05,247.8,84,21.06,245.4,93,11.04,11.2,7,3.02,2,False.
414-5786,73,31,194.4,104,33.05,176,84,14.96,230.1,110,10.35,11.5,3,3.11,0,False.
379-6652,95,22,40.9,126,6.95,133.4,90,11.34,264.2,91,11.89,11.9,7,3.21,0,False.
358-9095,128,0,237.9,125,40.44,247.6,93,21.05,208.9,68,9.4,13.9,4,3.75,1,True.
372-9976,98,0,126.3,102,21.47,166.8,85,14.18,187.8,135,8.45,9.4,2,2.54,3,False.
376-4519,49,0,119.4,69,20.3,273.3,92,23.23,214.4,153,9.65,12.4,7,3.35,2,False.
389-6955,106,0,159.6,94,27.13,276.8,118,23.53,223.5,65,10.06,8.8,3,2.38,0,False.
346-7656,97,0,120.8,96,20.54,169.8,101,14.43,194.1,63,8.73,11.9,3,3.21,4,True.
335-6508,77,0,245.2,87,41.68,254.1,83,21.6,239.4,91,10.77,7.5,4,2.03,0,True.
336-1880,127,19,129.7,115,22.05,160.8,101,13.67,265,63,11.93,12.2,3,3.29,2,False.
396-4410,130,0,212.8,102,36.18,189.8,137,16.13,170.1,105,7.65,10.6,4,2.86,0,True.
378-6924,89,0,115.4,99,19.62,209.9,115,17.84,280.9,112,12.64,15.9,6,4.29,3,False.
395-7923,197,0,127.3,80,21.64,222.3,115,18.9,173.9,95,7.83,13.7,5,3.7,5,True.
327-1319,22,23,182.1,94,30.96,164.6,59,13.99,128.8,102,5.8,12.7,4,3.43,3,False.
358-3261,53,24,145.7,146,24.77,220.5,136,18.74,249.9,96,11.25,13.1,5,3.54,3,False.
405-1589,27,0,227.4,67,38.66,248,115,21.08,61.4,109,2.76,7.8,6,2.11,1,False.
376-9607,23,0,113.1,74,19.23,168.8,95,14.35,262.9,126,11.83,6.9,2,1.86,1,True.
377-1273,81,0,261.4,141,44.44,215.7,102,18.33,271.8,96,12.23,8,6,2.16,1,True.
372-8405,197,0,154.8,111,26.32,171.5,102,14.58,227.3,86,10.23,10.6,2,2.86,3,False.
370-2892,113,0,187.6,97,31.89,208.2,118,17.7,158.9,101,7.15,8.7,6,2.35,2,False.
405-3097,65,0,245.7,139,41.77,241.9,113,20.56,285.3,117,12.84,4.2,5,1.13,4,True.
367-1424,75,41,130.9,115,22.25,203.4,110,17.29,171.7,68,7.73,12.4,4,3.35,1,False.
344-6334,138,0,240.8,104,40.94,144.5,92,12.28,125.7,98,5.66,11.6,1,3.13,0,False.
371-9414,204,0,174.3,85,29.63,254.1,95,21.6,176.4,96,7.94,5.9,3,1.59,6,False.
334-2577,95,0,238.1,65,40.48,187.2,98,15.91,190,115,8.55,11.8,4,3.19,4,False.
371-3236,94,0,212.1,98,36.06,189.4,89,16.1,352.2,95,15.85,8.4,5,2.27,3,False.
407-9244,44,0,143.2,77,24.34,169.8,114,14.43,215.8,77,9.71,7.6,4,2.05,1,False.
365-5629,116,0,63.7,101,10.83,195.8,95,16.64,210.1,87,9.45,10,6,2.7,1,False.
348-1592,69,0,135.4,101,23.02,238.1,124,20.24,195.6,102,8.8,10.6,2,2.86,1,False.
413-4040,101,0,269.7,85,45.85,207.6,86,17.65,214.2,107,9.64,4.5,15,1.22,3,True.
337-6898,91,0,133.7,75,22.73,195.3,87,16.6,280.5,89,12.62,5.9,2,1.59,0,False.
332-9460,149,0,176.2,87,29.95,145,81,12.33,249.5,92,11.23,5.7,4,1.54,0,False.
404-2942,75,0,138.5,110,23.55,153.2,86,13.02,215.6,103,9.7,11.1,7,3,1,False.
396-6390,68,0,158.8,119,27,211.8,105,18,198.1,101,8.91,10.3,3,2.78,1,False.
376-4292,147,0,274,92,46.58,231.8,82,19.7,283.6,83,12.76,6.2,1,1.67,0,True.
402-9558,108,0,246.2,102,41.85,202.4,134,17.2,180.1,95,8.1,9.4,5,2.54,1,False.
370-5361,124,0,254.3,113,43.23,78.9,104,6.71,153.2,69,6.89,11.8,2,3.19,2,False.
421-9401,92,0,264.3,91,44.93,160.9,115,13.68,198.6,73,8.94,9.3,5,2.51,0,False.
396-9656,17,0,161.5,123,27.46,214.2,81,18.21,315,106,14.18,8.6,5,2.32,1,False.
350-6473,138,0,127.1,102,21.61,247.7,106,21.05,207.7,75,9.35,5,3,1.35,3,False.
408-4195,130,0,154.2,119,26.21,110.2,98,9.37,227.4,117,10.23,9.2,5,2.48,2,False.
355-7895,142,40,237.4,105,40.36,175.9,93,14.95,210.3,110,9.46,9.2,3,2.48,3,False.
421-1326,88,0,131.5,99,22.36,174.8,128,14.86,184.2,83,8.29,7.9,2,2.13,5,True.
401-7594,95,0,135,99,22.95,183.6,106,15.61,245.3,102,11.04,12.5,9,3.38,1,False.
353-7461,128,0,247.3,91,42.04,182.7,60,15.53,143.2,112,6.44,14.7,2,3.97,3,False.
345-8237,127,36,183.2,117,31.14,126.8,76,10.78,263.3,71,11.85,11.2,8,3.02,1,False.
417-6774,114,30,206.2,79,35.05,260,91,22.1,291.6,83,13.12,11.4,6,3.08,1,False.
328-8747,162,0,135.2,98,22.98,242,107,20.57,246.9,96,11.11,10.2,2,2.75,2,False.
354-7025,99,0,159.7,83,27.15,155.4,121,13.21,255.7,114,11.51,8.4,3,2.27,1,False.
363-3469,105,0,232.6,96,39.54,253.4,117,21.54,154,101,6.93,10.5,9,2.84,1,False.
417-5034,185,0,55.6,97,9.45,288.7,83,24.54,111.2,110,5,12.1,3,3.27,2,False.
417-9844,88,0,172.8,81,29.38,193.4,90,16.44,89.6,107,4.03,12.8,5,3.46,2,False.
408-3262,92,0,184.7,60,31.4,262,73,22.27,239.5,120,10.78,12.3,6,3.32,2,True.
361-1315,190,26,116.7,71,19.84,145.9,88,12.4,175.1,103,7.88,9.9,3,2.67,1,False.
420-8435,80,0,189.1,122,32.15,223.2,92,18.97,269,116,12.11,13.9,3,3.75,2,True.
402-5076,99,31,244.1,71,41.5,203.4,58,17.29,234,115,10.53,7.7,4,2.08,3,False.
359-9972,149,43,206.7,79,35.14,174.6,122,14.84,241.5,80,10.87,10.9,3,2.94,1,False.
385-6778,128,0,195.6,99,33.25,267.8,120,22.76,164.9,76,7.42,16,2,4.32,0,False.
418-7846,152,0,197.1,126,33.51,130.1,76,11.06,78.1,100,3.51,7.4,4,2,3,False.
363-4005,166,0,203.4,81,34.58,167.7,110,14.25,132,124,5.94,9.2,5,2.48,2,False.
408-4836,93,0,328.1,106,55.78,151.7,89,12.89,303.5,114,13.66,8.7,3,2.35,1,True.
342-1702,126,0,103.7,93,17.63,127,107,10.8,329.3,66,14.82,14.4,1,3.89,0,False.
363-3911,76,0,204.2,100,34.71,292.6,139,24.87,244.3,105,10.99,10.5,2,2.84,0,False.
386-2317,103,31,107.7,124,18.31,188.9,104,16.06,196.2,98,8.83,8.9,3,2.4,0,False.
346-3445,163,25,219.6,99,37.33,210.4,99,17.88,242.7,88,10.92,13.8,8,3.73,2,False.
363-2602,114,0,191.5,88,32.56,175.2,78,14.89,220.3,118,9.91,0,0,0,0,False.
350-4820,160,0,166.4,117,28.29,317,129,26.95,160.4,121,7.22,10,2,2.7,1,False.
415-3537,161,0,154.7,84,26.3,177.8,125,15.11,172.9,90,7.78,5.9,2,1.59,4,True.
352-8202,137,0,205.9,88,35,209.3,86,17.79,289.9,84,13.05,14.5,4,3.92,2,False.
356-4558,110,0,222.7,94,37.86,105.8,98,8.99,214.8,78,9.67,13.5,4,3.65,1,False.
406-5870,169,0,57.1,98,9.71,199.7,78,16.97,274.7,103,12.36,6.5,6,1.76,3,False.
345-8433,166,0,197.9,89,33.64,251,113,21.34,138.3,85,6.22,11.2,2,3.02,2,False.
329-9046,74,0,148.5,111,25.25,146.5,42,12.45,289.2,83,13.01,9.9,6,2.67,3,False.
367-1681,166,0,47.7,89,8.11,264.4,95,22.47,235.2,97,10.58,13.2,3,3.56,0,True.
393-8736,149,0,166.6,61,28.32,218.8,107,18.6,208.3,131,9.37,8.2,6,2.21,7,False.
334-2961,155,0,163.1,94,27.73,291.7,108,24.79,96.4,111,4.34,11.2,3,3.02,0,False.
341-1594,89,0,192.1,83,32.66,163.6,88,13.91,169.7,138,7.64,6.1,3,1.65,0,False.
345-5639,116,44,230.6,94,39.2,224.1,103,19.05,244,76,10.98,11.1,2,3,0,False.
332-2275,71,0,185,84,31.45,232.5,129,19.76,191.1,82,8.6,14.9,4,4.02,3,False.
410-5236,78,13,281.2,93,47.8,178.2,101,15.15,244.2,129,10.99,6.4,5,1.73,2,False.
415-2935,147,0,248.6,83,42.26,148.9,85,12.66,172.5,109,7.76,8,4,2.16,3,False.
421-8141,76,0,165.7,94,28.17,257.4,80,21.88,170.8,114,7.69,10,4,2.7,1,False.
335-4584,146,0,206.3,151,35.07,148.6,89,12.63,167.2,91,7.52,6.1,3,1.65,1,False.
353-1954,136,0,101.7,105,17.29,202.8,99,17.24,136.2,119,6.13,9.4,6,2.54,3,False.
409-9911,105,31,109.6,108,18.63,249.3,119,21.19,321.2,101,14.45,8.3,4,2.24,4,True.
405-1821,125,0,224.9,102,38.23,143.8,87,12.22,198.9,105,8.95,8,2,2.16,0,False.
343-2465,170,37,178.1,130,30.28,242.8,103,20.64,243,93,10.93,13,4,3.51,0,False.
386-9177,232,0,165.6,104,28.15,195.9,115,16.65,118.3,77,5.32,11.8,3,3.19,1,False.
385-2699,143,22,141.8,116,24.11,167.3,99,14.22,178.1,130,8.01,7.8,3,2.11,1,False.
385-4715,113,0,215.6,96,36.65,193.4,127,16.44,105.4,115,4.74,13.5,3,3.65,1,False.
347-9421,13,31,265.3,94,45.1,147.6,95,12.55,259.3,117,11.67,12.9,1,3.48,1,False.
417-5146,113,0,158.9,137,27.01,242.8,109,20.64,247.8,97,11.15,6.5,4,1.76,0,False.
338-9952,119,32,173,101,29.41,209.4,93,17.8,231.1,91,10.4,12.2,4,3.29,0,False.
355-6291,120,0,212.1,131,36.06,209.4,104,17.8,167.2,96,7.52,5.3,5,1.43,1,True.
394-9942,73,26,131.2,98,22.3,106.5,97,9.05,221.7,96,9.98,10.2,6,2.75,2,False.
398-4567,59,0,166.3,95,28.27,239.3,87,20.34,123.2,108,5.54,10,3,2.7,2,False.
343-2095,65,0,136.1,112,23.14,272.9,96,23.2,220.2,104,9.91,4.4,2,1.19,1,False.
370-1465,150,0,214,117,36.38,192.4,89,16.35,242.6,99,10.92,7.9,4,2.13,1,False.
328-7209,149,20,198.9,77,33.81,274,88,23.29,190.7,76,8.58,14.3,9,3.86,1,False.
391-7528,103,0,70.9,134,12.05,134.5,112,11.43,168.8,164,7.6,12,6,3.24,2,False.
385-1118,148,0,233.5,81,39.7,187.7,71,15.95,122.3,97,5.5,9.6,2,2.59,0,True.
378-1303,84,0,181.5,129,30.86,130.7,112,11.11,186.5,118,8.39,8.5,4,2.3,1,False.
417-5320,43,0,230.2,147,39.13,186.7,121,15.87,128.4,100,5.78,9.2,3,2.48,0,False.
347-6812,96,0,106.6,128,18.12,284.8,87,24.21,178.9,92,8.05,14.9,7,4.02,1,False.
331-3174,131,39,69.1,122,11.75,101.3,136,8.61,104.8,94,4.72,9.1,4,2.46,0,False.
379-7779,75,0,143.2,92,24.34,209.1,142,17.77,173,96,7.79,11.9,9,3.21,1,False.
355-1019,86,0,194.2,98,33.01,193.8,95,16.47,192,123,8.64,9.3,7,2.51,3,False.
335-7144,84,0,225.9,86,38.4,275.6,105,23.43,201.4,108,9.06,14.3,3,3.86,3,True.
403-9733,68,0,148.8,70,25.3,246.5,164,20.95,129.8,103,5.84,12.1,3,3.27,3,False.
365-4387,47,28,172.9,109,29.39,137.6,94,11.7,203.8,109,9.17,8.3,6,2.24,1,False.
391-2231,170,0,184.1,106,31.3,204.9,70,17.42,224.3,133,10.09,9.8,3,2.65,2,False.
396-7687,112,30,60.6,113,10.3,165.9,96,14.1,132.8,99,5.98,13.3,7,3.59,0,False.
362-1490,124,0,193,97,32.81,89.8,99,7.63,172.8,104,7.78,15.3,3,4.13,1,False.
341-4570,88,31,181.6,91,30.87,213.2,120,18.12,207.8,104,9.35,11.4,4,3.08,1,False.
337-1802,35,0,158.6,67,26.96,130.4,96,11.08,229.8,80,10.34,6.9,5,1.86,2,False.
414-6638,64,0,194.2,147,33.01,173.4,87,14.74,268.7,114,12.09,5.5,2,1.49,2,False.
368-3931,90,39,94.8,89,16.12,219.1,91,18.62,197.4,65,8.88,11.4,5,3.08,1,False.
338-8566,141,0,83.2,74,14.14,190.6,104,16.2,150.5,79,6.77,10.7,7,2.89,1,False.
406-8445,58,22,224.1,127,38.1,238.8,85,20.3,174.2,86,7.84,11.5,7,3.11,2,False.
396-3068,124,0,151.1,123,25.69,187.4,104,15.93,255.4,93,11.49,5.3,3,1.43,1,False.
402-3634,31,0,165.4,84,28.12,203.7,107,17.31,201.7,65,9.08,8.2,1,2.21,1,False.
406-2866,96,0,276.9,105,47.07,246.9,94,20.99,254.4,107,11.45,10.3,3,2.78,1,True.
385-7861,81,0,227.4,105,38.66,211.5,120,17.98,258.2,113,11.62,11.9,3,3.21,0,False.
352-5663,72,0,196.5,88,33.41,158.6,129,13.48,269.3,118,12.12,6.8,3,1.84,0,False.
333-7449,148,0,17.6,121,2.99,161.7,125,13.74,203.1,82,9.14,10.6,6,2.86,1,False.
332-1060,41,0,143.6,117,24.41,152.4,108,12.95,194.4,110,8.75,8.6,3,2.32,1,False.
346-8863,61,15,252.4,106,42.91,187.8,69,15.96,259.6,137,11.68,10,3,2.7,2,False.
391-7937,148,26,244.9,150,41.63,118,138,10.03,236,91,10.62,15.2,4,4.1,2,False.
379-6970,182,0,279.5,118,47.52,203.2,113,17.27,174.2,101,7.84,10.7,4,2.89,2,True.
408-4911,116,0,129.4,84,22,157.3,89,13.37,215.5,77,9.7,13.3,3,3.59,0,False.
415-9553,59,27,127.4,110,21.66,103.3,99,8.78,164.2,73,7.39,9.1,3,2.46,0,False.
386-6114,83,0,208.9,71,35.51,214.8,92,18.26,247.9,108,11.16,13,5,3.51,1,False.
346-2020,37,0,172.9,119,29.39,183,86,15.56,226.4,100,10.19,9.8,1,2.65,0,True.
414-1537,89,24,97.8,98,16.63,207.2,67,17.61,214.5,126,9.65,5.9,2,1.59,0,False.
380-6571,162,0,115.1,89,19.57,196.8,111,16.73,212.4,98,9.56,11.4,3,3.08,2,False.
332-5949,46,0,257.4,67,43.76,261.1,91,22.19,204.4,107,9.2,13.4,5,3.62,2,True.
387-3332,160,0,166.8,109,28.36,236,117,20.06,307.6,77,13.84,9.3,1,2.51,1,False.
362-1146,55,0,189,100,32.13,118.5,99,10.07,248.1,87,11.16,17.1,6,4.62,0,False.
356-3333,66,0,208.7,84,35.48,173.3,88,14.73,264.7,107,11.91,8.3,3,2.24,3,False.
414-1246,127,25,173,91,29.41,245.8,64,20.89,300,99,13.5,4.8,3,1.3,0,False.
409-5749,84,30,106.5,65,18.11,225.7,108,19.18,188.6,61,8.49,5.7,3,1.54,2,False.
421-5994,90,0,142.4,126,24.21,126.2,118,10.73,274.2,71,12.34,4.6,4,1.24,1,False.
378-7872,42,0,150.7,52,25.62,246.7,96,20.97,103.8,118,4.67,7,4,1.89,2,False.
368-3808,69,0,194.2,122,33.01,242.1,81,20.58,215.8,80,9.71,9.7,3,2.62,2,False.
405-2831,48,0,210.8,84,35.84,189.6,98,16.12,157.6,99,7.09,16.4,3,4.43,2,False.
334-9806,80,0,206.3,97,35.07,154.9,98,13.17,263.6,82,11.86,12.4,12,3.35,0,False.
355-2464,179,0,287.3,123,48.84,288,114,24.48,266,112,11.97,10.5,4,2.84,0,True.
354-6960,103,0,204.9,107,34.83,135.2,102,11.49,208.2,106,9.37,10.4,3,2.81,5,False.
332-5084,111,0,176.9,128,30.07,102.8,56,8.74,213.7,84,9.62,10.5,2,2.84,4,True.
395-7435,86,0,266.1,120,45.24,182,92,15.47,206.5,103,9.29,10.3,4,2.78,1,False.
388-1250,73,0,187.3,118,31.84,239.7,90,20.37,167.5,108,7.54,15.1,2,4.08,1,False.
405-3371,116,34,268.6,83,45.66,178.2,142,15.15,166.3,106,7.48,11.6,3,3.13,2,False.
353-4296,78,0,162.3,116,27.59,192.4,86,16.35,240.6,100,10.83,10.1,3,2.73,2,False.
411-4674,140,0,173.2,91,29.44,196.8,106,16.73,209.3,128,9.42,11.2,5,3.02,3,False.
418-8257,67,0,115.5,70,19.64,252.2,143,21.44,208.9,91,9.4,7.5,6,2.03,0,False.
334-6142,13,0,146.4,74,24.89,148.5,92,12.62,216.7,96,9.75,11.3,3,3.05,1,False.
374-5301,119,0,134.9,70,22.93,211.5,74,17.98,188.5,105,8.48,11.3,6,3.05,1,False.
339-8132,70,0,197.3,91,33.54,305.8,81,25.99,171,105,7.69,6.7,6,1.81,1,False.
354-7820,104,0,225.9,123,38.4,162.8,106,13.84,272.1,85,12.24,10.1,4,2.73,1,False.
327-9957,80,0,51.5,90,8.76,164,98,13.94,169.4,80,7.62,9.5,4,2.57,3,False.
349-7291,35,0,124.2,102,21.11,123.9,115,10.53,135.7,100,6.11,13.1,8,3.54,2,False.
336-9273,152,0,228.1,93,38.78,136.4,106,11.59,197.3,107,8.88,9,2,2.43,1,False.
361-8288,80,0,198.1,160,33.68,156.7,87,13.32,182.1,76,8.19,9.3,3,2.51,3,False.
419-5171,71,0,290.4,108,49.37,253.9,92,21.58,263.3,126,11.85,10.1,5,2.73,3,True.
338-7305,110,0,178.5,124,30.35,146.9,141,12.49,217.1,102,9.77,9.9,7,2.67,1,False.
396-2324,64,0,97.2,80,16.52,186.2,90,15.83,189,92,8.5,10.4,6,2.81,2,False.
384-3389,74,0,157.1,95,26.71,213.1,36,18.11,280.4,77,12.62,7.6,3,2.05,2,False.
372-8883,111,0,123.1,88,20.93,213.9,84,18.18,184.9,88,8.32,12,2,3.24,5,True.
407-2750,66,0,201.3,95,34.22,152.8,66,12.99,233.2,101,10.49,7.5,4,2.03,1,False.
355-7251,125,0,229.3,103,38.98,177.4,126,15.08,189.3,95,8.52,12,8,3.24,1,False.
343-1538,153,0,185.3,127,31.5,208,73,17.68,206.1,124,9.27,15.1,3,4.08,1,False.
378-7418,117,21,153.2,112,26.04,263.3,110,22.38,135,85,6.08,11.9,7,3.21,1,False.
347-9995,148,33,241.7,84,41.09,165.8,84,14.09,160.6,80,7.23,11.3,3,3.05,1,False.
405-6943,64,0,224.8,111,38.22,190,101,16.15,221.4,110,9.96,9.2,2,2.48,1,False.
416-9021,144,35,174.8,127,29.72,219.6,93,18.67,255.8,90,11.51,12.8,3,3.46,0,False.
408-4870,88,25,288.5,114,49.05,203.4,74,17.29,228.4,117,10.28,13,5,3.51,1,False.
384-5907,116,35,182.8,122,31.08,212.7,119,18.08,193.8,103,8.72,11,2,2.97,1,False.
395-6030,83,0,178.8,102,30.4,167.9,84,14.27,178.9,65,8.05,8.6,4,2.32,3,False.
408-6621,176,0,223.2,76,37.94,214.4,131,18.22,154.4,80,6.95,10.1,2,2.73,3,False.
358-1958,130,0,183,112,31.11,72.9,99,6.2,181.8,78,8.18,9.5,19,2.57,0,False.
345-4551,55,28,105.3,82,17.9,197.4,109,16.78,187.5,91,8.44,8.6,6,2.32,2,False.
409-4671,147,35,157.5,109,26.78,189.6,67,16.12,227,76,10.22,11.1,2,3,3,True.
362-8763,118,36,294.9,106,50.13,165.7,115,14.08,189.2,63,8.51,9.8,5,2.65,3,False.
365-8779,108,0,169.6,99,28.83,264.1,87,22.45,206.3,78,9.28,9.3,4,2.51,0,False.
353-6300,155,0,216.7,30,36.84,144.3,125,12.27,135.3,106,6.09,10.8,1,2.92,2,False.
393-6053,144,38,105,86,17.85,121.8,123,10.35,221.5,122,9.97,3.7,4,1,0,False.
380-2600,97,24,176.1,109,29.94,159.4,81,13.55,269.1,94,12.11,12.1,9,3.27,0,False.
327-4795,119,0,230.4,117,39.17,225,101,19.13,198.5,111,8.93,7.6,6,2.05,3,False.
390-9986,108,0,240.2,78,40.83,230.3,109,19.58,217,83,9.76,5.2,1,1.4,2,False.
366-7912,62,0,248.7,109,42.28,220,118,18.7,265.7,78,11.96,13.2,2,3.56,1,True.
414-6541,121,0,168.9,128,28.71,123.9,99,10.53,266.3,105,11.98,2.9,7,0.78,2,False.
384-6132,177,0,248.7,118,42.28,172.3,73,14.65,191.9,87,8.64,11.3,2,3.05,1,True.
390-6932,54,0,236.3,91,40.17,152.8,130,12.99,160.3,98,7.21,11.2,8,3.02,3,False.
409-2917,92,0,255.8,125,43.49,142.7,111,12.13,181.2,101,8.15,11.7,3,3.16,0,False.
354-8491,65,29,158.1,104,26.88,322.2,81,27.39,210,96,9.45,8.9,6,2.4,1,False.
409-3786,120,0,165,100,28.05,317.2,83,26.96,119.2,86,5.36,8.3,8,2.24,1,False.
409-7523,125,0,187.3,118,31.84,160.7,111,13.66,263.8,112,11.87,9.6,2,2.59,0,True.
389-9120,58,0,165.4,100,28.12,115.7,87,9.83,193.8,118,8.72,12.8,5,3.46,2,False.
401-4052,120,0,221.3,106,37.62,267.6,98,22.75,111.5,80,5.02,9.3,7,2.51,0,False.
338-7886,98,0,216.8,86,36.86,190.8,114,16.22,187.5,79,8.44,11,9,2.97,0,False.
352-8249,151,26,196.5,98,33.41,175.8,111,14.94,221.8,124,9.98,13.4,5,3.62,0,False.
365-6205,70,0,175.4,130,29.82,159.5,130,13.56,260.6,96,11.73,11.6,4,3.13,0,False.
407-8376,94,0,137.5,118,23.38,203.2,88,17.27,150,131,6.75,13.4,2,3.62,0,False.
390-4789,87,0,185.8,119,31.59,192.3,83,16.35,200,96,9,6.6,4,1.78,1,False.
398-8122,163,40,231.9,56,39.42,211.8,91,18,268.5,74,12.08,12.3,3,3.32,2,False.
419-1714,113,0,272.1,111,46.26,268.5,118,22.82,213.8,105,9.62,8.5,10,2.3,1,True.
335-5882,167,0,207.6,88,35.29,132.4,63,11.25,255.2,98,11.48,14.1,5,3.81,0,False.
421-7214,87,0,134.2,80,22.81,165,71,14.03,173.1,102,7.79,10.7,5,2.89,0,False.
334-2729,60,0,135.4,134,23.02,205.9,85,17.5,204,103,9.18,7.9,4,2.13,1,False.
356-3448,86,29,225.4,79,38.32,187.1,112,15.9,281.1,112,12.65,12.9,3,3.48,1,False.
396-5189,100,0,203.8,122,34.65,283.1,76,24.06,197.3,83,8.88,12.5,3,3.38,0,False.
359-6931,79,0,222.3,99,37.79,146.2,82,12.43,275.6,82,12.4,8.9,4,2.4,3,False.
357-1085,46,0,139.4,81,23.7,223.7,113,19.01,173.1,77,7.79,13.6,6,3.67,1,False.
327-3850,91,0,149,115,25.33,245.3,105,20.85,260,94,11.7,8.3,3,2.24,0,False.
349-1687,119,23,154,114,26.18,278,137,23.63,228.4,112,10.28,11.8,4,3.19,2,False.
353-8849,105,0,206.2,84,35.05,256.4,138,21.79,117.1,91,5.27,9,3,2.43,1,False.
415-2285,97,28,202.3,97,34.39,69.2,84,5.88,257.6,64,11.59,6.7,3,1.81,1,False.
377-9932,62,0,182.3,101,30.99,328.2,93,27.9,245,131,11.03,11.2,1,3.02,2,False.
375-1721,126,0,175.4,120,29.82,98.3,71,8.36,201.9,93,9.09,10.6,1,2.86,0,False.
412-6019,79,0,103.5,134,17.6,319.3,111,27.14,239.9,124,10.8,8.4,4,2.27,2,False.
352-1237,64,0,154,67,26.18,225.8,118,19.19,265.3,86,11.94,3.5,3,0.95,1,False.
394-3051,164,30,238.8,100,40.6,230,121,19.55,206.3,66,9.28,13.2,8,3.56,1,False.
362-8886,114,0,203.8,85,34.65,87.8,110,7.46,166.2,122,7.48,11.7,4,3.16,1,False.
420-3192,119,0,138.3,89,23.51,170.5,78,14.49,263.9,98,11.88,13.5,6,3.65,3,False.
364-2495,121,31,237.1,63,40.31,205.6,117,17.48,196.7,85,8.85,10.1,5,2.73,4,False.
401-7335,31,28,171.8,116,29.21,240.7,125,20.46,245.5,80,11.05,10.6,7,2.86,1,False.
350-2340,35,37,181.2,76,30.8,177.6,98,15.1,228,136,10.26,5,3,1.35,2,False.
336-8343,212,0,226,127,38.42,304.6,83,25.89,181.2,132,8.15,12.6,4,3.4,2,True.
421-2955,74,0,172.1,105,29.26,211.7,99,17.99,182.2,105,8.2,11.6,6,3.13,1,False.
392-6239,145,0,199.2,124,33.86,126,86,10.71,289.2,135,13.01,7.6,3,2.05,1,False.
335-1697,108,0,198.5,99,33.75,267.8,60,22.76,354.9,75,15.97,9.4,3,2.54,0,True.
357-3709,172,0,211.7,100,35.99,198.7,101,16.89,301.7,136,13.58,6.5,9,1.76,1,False.
405-4109,105,28,156.1,89,26.54,107.1,114,9.1,167.7,95,7.55,14.7,3,3.97,0,True.
388-9568,65,0,213.4,111,36.28,234.5,94,19.93,250.1,123,11.25,2.7,4,0.73,1,False.
387-6031,130,0,176.3,140,29.97,201,104,17.09,161.9,123,7.29,11.3,5,3.05,1,False.
366-5918,74,0,200.4,87,34.07,309.2,105,26.28,152.1,118,6.84,10,2,2.7,1,False.
373-8895,67,0,152.5,131,25.93,252.4,107,21.45,185.4,104,8.34,4.9,3,1.32,2,False.
420-1383,112,0,243.4,77,41.38,182.1,97,15.48,259.2,94,11.66,12.8,2,3.46,1,False.
412-2947,135,0,218.8,123,37.2,242.8,64,20.64,85.8,80,3.86,10.3,3,2.78,4,False.
384-3904,80,22,196.4,115,33.39,150.3,109,12.78,176.2,75,7.93,9.3,1,2.51,0,False.
345-1419,27,0,193.8,102,32.95,118.9,104,10.11,135.9,124,6.12,9.2,3,2.48,0,False.
355-2840,27,0,232.1,81,39.46,210.8,101,17.92,165.4,87,7.44,15,6,4.05,5,False.
405-7676,146,0,149.3,83,25.38,187.1,130,15.9,149.8,100,6.74,7.9,4,2.13,7,True.
406-9926,64,0,225.3,134,38.3,108.2,87,9.2,139.6,132,6.28,17.3,9,4.67,1,True.
356-4001,77,0,230,87,39.1,103.2,138,8.77,309.6,136,13.93,11.3,3,3.05,2,False.
387-9137,133,0,277.3,138,47.14,228.4,117,19.41,117.3,103,5.28,12.8,4,3.46,2,True.
397-7453,183,0,190,100,32.3,246.6,78,20.96,304.2,107,13.69,9.5,4,2.57,1,False.
398-4313,113,0,215.5,129,36.64,218.7,117,18.59,207.1,91,9.32,6.6,9,1.78,4,False.
377-4975,146,0,138.4,104,23.53,158.9,122,13.51,47.4,73,2.13,3.9,9,1.05,4,True.
362-3660,43,0,179.3,97,30.48,252.7,126,21.48,227.5,114,10.24,8,5,2.16,0,False.
371-6284,124,0,157.8,71,26.83,203.2,114,17.27,168.7,82,7.59,10,2,2.7,3,True.
333-7225,95,0,190.2,119,32.33,157.1,70,13.35,181.5,120,8.17,14,6,3.78,0,False.
363-1107,168,0,128.8,96,21.9,104.9,71,8.92,141.1,128,6.35,11.2,2,3.02,1,False.
355-9541,73,0,254.8,85,43.32,143.4,80,12.19,153.9,102,6.93,15,7,4.05,2,False.
356-1654,73,47,173.7,117,29.53,204,114,17.34,174.6,94,7.86,6.3,3,1.7,2,False.
381-3735,100,0,166,102,28.22,236.1,97,20.07,134.3,93,6.04,10.9,4,2.94,1,False.
394-8504,75,26,118.5,86,20.15,213.9,118,18.18,132.6,99,5.97,13.4,3,3.62,2,False.
415-4564,129,0,137.8,120,23.43,225.8,110,19.19,145.2,95,6.53,10.2,6,2.75,1,True.
387-7757,64,19,291.1,150,49.49,226.7,123,19.27,219.1,67,9.86,7.5,2,2.03,1,False.
407-7258,54,0,190.5,108,32.39,259.7,108,22.07,141.5,111,6.37,9.7,2,2.62,2,True.
351-1389,136,29,85.2,98,14.48,230.4,85,19.58,243.6,104,10.96,9,3,2.43,2,False.
401-6671,111,13,193.1,104,32.83,111.6,98,9.49,227.4,94,10.23,12.1,4,3.27,1,False.
334-7443,79,0,130.2,119,22.13,290.9,121,24.73,194.8,140,8.77,14,6,3.78,3,False.
328-9006,78,0,139.2,140,23.66,191.4,113,16.27,286.5,125,12.89,11.8,3,3.19,3,False.
353-1352,174,15,221.8,143,37.71,210.6,115,17.9,221.8,109,9.98,12.4,9,3.35,1,False.
418-6412,54,0,134.3,73,22.83,155.5,100,13.22,102.1,68,4.59,14.7,4,3.97,3,False.
356-7511,95,0,134.4,104,22.85,152.4,95,12.95,236.5,80,10.64,9.4,3,2.54,1,False.
336-6907,62,0,172.4,132,29.31,230.5,100,19.59,228.2,109,10.27,11,5,2.97,0,False.
328-1206,155,23,243.9,112,41.46,133,106,11.31,213.7,123,9.62,13.4,11,3.62,2,False.
361-9195,171,0,189.8,122,32.27,173.7,85,14.76,257.1,84,11.57,10.3,1,2.78,0,False.
387-6498,86,0,150.5,92,25.59,120.3,95,10.23,271.2,96,12.2,9,2,2.43,1,False.
356-4706,127,0,247.5,99,42.08,108.5,118,9.22,232,72,10.44,10.6,3,2.86,2,False.
352-8305,40,41,148.1,74,25.18,169.5,88,14.41,214.1,102,9.63,6.2,5,1.67,2,False.
375-8493,117,14,80.2,81,13.63,219,103,18.62,122.6,102,5.52,8.6,2,2.32,1,False.
358-3691,43,0,159.5,99,27.12,119.7,149,10.17,173.9,126,7.83,6.8,3,1.84,2,False.
378-5692,45,22,196.6,84,33.42,313.2,92,26.62,163.3,108,7.35,11.9,3,3.21,0,False.
415-1203,105,0,166.1,93,28.24,175.9,106,14.95,243.5,55,10.96,16.2,3,4.37,2,False.
403-5552,84,42,214.3,112,36.43,188.2,107,16,333.5,117,15.01,11.3,10,3.05,0,False.
341-1191,75,0,314.6,102,53.48,169.8,86,14.43,285.1,100,12.83,5.7,3,1.54,2,True.
406-4720,132,0,121.5,88,20.66,253,124,21.51,195.7,120,8.81,10.7,4,2.89,1,False.
349-4397,161,0,173.4,100,29.48,213.7,74,18.16,141.5,69,6.37,11.5,4,3.11,1,False.
396-4311,32,0,157.9,88,26.84,180.8,132,15.37,132.5,102,5.96,12.8,3,3.46,1,False.
366-2536,70,0,177.4,125,30.16,226.2,104,19.23,254.1,72,11.43,10.9,4,2.94,0,False.
402-3892,118,0,267.8,145,45.53,316.4,121,26.89,208.6,91,9.39,14.4,11,3.89,5,True.
342-6316,102,0,114.8,125,19.52,81.9,126,6.96,304.3,101,13.69,12,4,3.24,0,False.
386-6535,122,0,136.7,115,23.24,243.1,137,20.66,188.9,110,8.5,8.6,4,2.32,0,False.
328-5050,58,0,243.1,105,41.33,231.4,108,19.67,180.9,120,8.14,7.8,4,2.11,2,False.
330-9294,181,27,190.3,93,32.35,249,127,21.17,215.7,82,9.71,10.6,4,2.86,1,False.
347-5354,59,31,225,78,38.25,191.3,79,16.26,226.7,79,10.2,9.1,3,2.46,1,False.
407-6391,64,0,213.5,93,36.3,166.6,114,14.16,122,78,5.49,14.1,3,3.81,3,False.
412-7278,103,0,206.5,125,35.11,180.2,113,15.32,220.6,95,9.93,12.2,4,3.29,3,False.
350-9994,6,0,183.6,117,31.21,256.7,72,21.82,178.6,79,8.04,10.2,2,2.75,1,False.
398-4814,165,39,167.4,113,28.46,172.7,94,14.68,192.6,113,8.67,9.5,4,2.57,3,False.
408-3606,21,0,225,110,38.25,244.2,111,20.76,221.2,93,9.95,10.7,4,2.89,0,False.
353-3203,90,0,114.4,122,19.45,127.7,154,10.85,253.1,109,11.39,10.1,5,2.73,2,False.
331-5962,172,47,274.9,102,46.73,186.6,118,15.86,245,123,11.03,8.8,2,2.38,1,False.
368-7706,149,0,119.2,88,20.26,168.3,110,14.31,204.7,119,9.21,12.2,6,3.29,4,True.
377-7399,74,0,106.4,84,18.09,140.2,104,11.92,90.9,81,4.09,11.4,3,3.08,1,False.
402-5014,28,0,236.8,102,40.26,167.1,87,14.2,280.2,115,12.61,9.7,3,2.62,3,False.
367-2436,106,0,119.2,142,20.26,228.4,139,19.41,197.9,61,8.91,8.4,9,2.27,2,False.
347-7675,37,0,134.9,98,22.93,248.4,130,21.11,236.2,113,10.63,14.7,2,3.97,3,False.
407-9290,72,0,177.1,97,30.11,184.7,105,15.7,174.1,94,7.83,8,6,2.16,1,False.
337-2442,115,0,180,119,30.6,198.8,126,16.9,217.1,70,9.77,12.4,3,3.35,1,False.
418-4637,104,0,263.4,101,44.78,235.5,117,20.02,102,146,4.59,13,4,3.51,0,False.
379-4257,137,0,127,107,21.59,323.2,75,27.47,143.9,127,6.48,7.5,2,2.03,1,False.
411-7778,60,29,265.9,113,45.2,215.8,94,18.34,108.1,82,4.86,14,12,3.78,0,True.
329-2786,161,0,194.2,106,33.01,249.4,105,21.2,254.9,129,11.47,12.9,1,3.48,1,True.
356-2093,80,38,236.6,69,40.22,197.5,68,16.79,209.5,102,9.43,9.5,10,2.57,2,False.
404-4486,163,0,122.4,129,20.81,113.4,108,9.64,180.2,97,8.11,12.5,7,3.38,1,False.
358-6796,11,24,131.5,98,22.36,230.2,111,19.57,283.7,87,12.77,10,3,2.7,2,False.
397-6425,113,0,186,55,31.62,237.4,105,20.18,148.1,83,6.66,12.2,6,3.29,1,False.
355-6422,81,0,129.9,121,22.08,230.1,105,19.56,140.5,123,6.32,13.3,3,3.59,0,False.
397-1659,68,0,222.8,99,37.88,175.8,85,14.94,202,111,9.09,11,3,2.97,3,False.
393-4027,23,0,190.2,89,32.33,166.4,108,14.14,219.8,73,9.89,15,4,4.05,6,False.
343-1347,61,40,105,78,17.85,180.6,100,15.35,174.1,115,7.83,10.2,2,2.75,2,True.
348-7224,115,0,146.7,128,24.94,106.2,74,9.03,197.7,104,8.9,11.1,4,3,2,False.
376-1677,89,0,125.6,108,21.35,213,90,18.11,181.7,108,8.18,5.4,5,1.46,1,False.
365-6756,55,39,139.3,101,23.68,178.3,117,15.16,246.5,104,11.09,8.1,1,2.19,3,False.
394-9220,82,0,199.3,112,33.88,193.4,120,16.44,254.4,117,11.45,7,10,1.89,0,False.
416-5623,124,0,178.4,72,30.33,233.6,134,19.86,179.4,91,8.07,12,2,3.24,0,False.
352-6265,124,0,188.5,77,32.05,182,123,15.47,218.2,127,9.82,6.1,6,1.65,1,False.
381-2726,102,0,242.2,88,41.17,233.2,89,19.82,188.5,121,8.48,6.2,6,1.67,3,False.
406-2752,79,0,152.2,112,25.87,177.2,132,15.06,96.4,87,4.34,5.3,3,1.43,1,False.
383-2537,189,0,208.3,106,35.41,236.7,123,20.12,179.1,120,8.06,11.3,5,3.05,3,False.
362-5899,117,0,118.4,126,20.13,249.3,97,21.19,227,56,10.22,13.6,3,3.67,5,True.
372-3987,140,0,125.3,84,21.3,167.6,121,14.25,260.6,94,11.73,8.4,4,2.27,1,False.
363-3295,96,0,170.5,86,28.99,277.5,88,23.59,162.5,117,7.31,12.2,6,3.29,1,False.
405-9864,75,0,111.7,121,18.99,237.3,119,20.17,253.5,110,11.41,13.1,6,3.54,1,False.
411-7110,107,0,230.4,65,39.17,257.4,80,21.88,107.3,88,4.83,8.5,3,2.3,1,False.
368-5437,132,0,193.3,106,32.86,128.3,94,10.91,162.1,119,7.29,11.6,4,3.13,5,True.
351-4025,94,0,89.5,94,15.22,339.9,106,28.89,172.9,76,7.78,7.9,1,2.13,1,True.
419-7415,86,0,171.8,106,29.21,301.7,44,25.64,139.4,108,6.27,9.7,5,2.62,1,False.
352-5750,105,0,212,113,36.04,226.6,128,19.26,193.6,114,8.71,8.9,7,2.4,3,False.
357-1700,104,0,148.2,108,25.19,161.8,113,13.75,259.3,103,11.67,11,4,2.97,0,False.
350-1040,45,0,78.2,127,13.29,253.4,108,21.54,255,100,11.48,18,3,4.86,1,False.
329-9067,111,0,249.8,109,42.47,242.4,106,20.6,231.8,78,10.43,11.6,4,3.13,0,True.
331-9293,74,0,155.7,116,26.47,173.7,63,14.76,257.4,97,11.58,8.1,4,2.19,0,False.
422-5264,176,0,169.5,151,28.82,112.9,84,9.6,56.6,99,2.55,8.7,4,2.35,0,False.
407-5774,81,24,130.1,117,22.12,196,61,16.66,139.3,123,6.27,11.4,5,3.08,0,False.
350-2832,101,0,190.7,72,32.42,208.6,103,17.73,203.8,111,9.17,8.8,8,2.38,1,False.
343-6940,89,0,213,63,36.21,176.6,71,15.01,262.6,126,11.82,9.1,1,2.46,1,True.
332-9896,71,0,211.2,70,35.9,252.7,122,21.48,225.8,104,10.16,12.3,3,3.32,0,False.
420-6324,103,0,255.9,128,43.5,140.9,92,11.98,308.9,130,13.9,12.1,2,3.27,1,True.
338-4472,83,0,134.8,96,22.92,167.2,78,14.21,161.5,123,7.27,7.7,5,2.08,2,False.
361-5277,130,0,150.4,119,25.57,230.5,99,19.59,186.3,76,8.38,12.3,4,3.32,1,False.
413-1789,134,0,141.7,95,24.09,205.6,101,17.48,218.5,60,9.83,8.8,6,2.38,0,False.
359-3423,27,0,226.3,95,38.47,274.3,109,23.32,242.7,119,10.92,8.2,3,2.21,2,True.
396-4845,103,0,263.4,118,44.78,179.1,69,15.22,214.7,112,9.66,10.3,2,2.78,0,False.
394-4512,73,28,198.2,107,33.69,139.1,123,11.82,199.1,139,8.96,8.8,1,2.38,2,False.
349-4762,68,29,239.5,82,40.72,203.8,105,17.32,167.8,70,7.55,9.9,6,2.67,0,False.
402-3370,141,32,322.4,92,54.81,283.2,107,24.07,209.5,111,9.43,6.7,3,1.81,1,True.
420-7823,100,0,107,63,18.19,105.7,67,8.98,243.1,74,10.94,12.8,3,3.46,4,True.
359-6232,74,0,314.1,86,53.4,222.4,99,18.9,259,121,11.66,12.3,5,3.32,3,True.
384-7216,136,35,205.5,86,34.94,298.5,119,25.37,214.2,104,9.64,6.9,4,1.86,1,False.
341-7279,116,35,118,103,20.06,167.2,106,14.21,205.7,102,9.26,11.8,2,3.19,2,False.
339-7139,84,0,138.6,102,23.56,199,93,16.92,204.1,137,9.18,7.8,4,2.11,0,False.
389-4695,109,0,200.1,72,34.02,300.9,120,25.58,236,68,10.62,11.9,5,3.21,0,False.
416-5660,167,0,169.2,124,28.76,173.3,108,14.73,216.5,64,9.74,12.4,4,3.35,4,True.
371-4788,90,0,109.9,102,18.68,220.8,114,18.77,104,133,4.68,10.9,6,2.94,0,False.
380-6631,119,26,161.3,97,27.42,250.3,110,21.28,142.4,92,6.41,6.6,8,1.78,1,False.
330-8351,60,0,183,110,31.11,206.7,93,17.57,203.8,119,9.17,11.1,6,3,1,False.
416-5341,74,0,165.3,120,28.1,198.5,106,16.87,208.5,102,9.38,9.8,3,2.65,1,False.
420-2000,37,0,106.6,76,18.12,147.4,89,12.53,235.8,113,10.61,9.6,8,2.59,2,False.
353-3759,87,0,151,83,25.67,219.7,116,18.67,203.9,127,9.18,9.7,3,2.62,5,True.
338-4307,110,0,135.1,109,22.97,205.2,99,17.44,166.3,119,7.48,11.7,4,3.16,1,False.
408-2712,129,0,192.9,131,32.79,185.5,101,15.77,205.2,130,9.23,10.9,4,2.94,1,False.
406-6304,181,0,229.9,130,39.08,144.4,93,12.27,262.4,110,11.81,14.2,4,3.83,2,False.
369-4012,114,0,187.8,109,31.93,154.6,97,13.14,213.9,102,9.63,10.1,3,2.73,2,False.
403-4816,112,0,185.4,114,31.52,191.4,119,16.27,144,78,6.48,10,11,2.7,2,False.
360-1320,116,0,110.9,54,18.85,213.4,82,18.14,186.2,116,8.38,7.9,2,2.13,2,False.
345-5980,83,32,94.7,111,16.1,154.4,98,13.12,200.4,109,9.02,10.6,6,2.86,2,False.
379-3012,83,0,132.4,120,22.51,121.6,101,10.34,197.7,84,8.9,8.6,2,2.32,1,False.
350-9720,47,37,112.8,150,19.18,243.9,97,20.73,178.7,112,8.04,13.2,6,3.56,2,False.
406-2678,104,0,200.2,92,34.03,118.7,87,10.09,236.6,65,10.65,6,6,1.62,2,False.
343-9946,130,0,162.8,113,27.68,290.3,111,24.68,114.9,140,5.17,7.2,3,1.94,1,False.
374-8042,150,0,178.9,101,30.41,169.1,110,14.37,148.6,100,6.69,13.8,3,3.73,4,True.
370-9563,32,26,243.5,137,41.4,236.8,108,20.13,173.3,149,7.8,9,9,2.43,1,False.
353-4002,149,0,187.6,83,31.89,201.4,81,17.12,264.2,79,11.89,8.8,1,2.38,1,False.
385-2683,107,0,194.5,97,33.07,186.3,131,15.84,178.3,106,8.02,12.7,1,3.43,2,False.
376-1000,68,0,172.7,95,29.36,139.1,90,11.82,174.3,99,7.84,11.7,1,3.16,2,False.
349-3843,61,29,128.2,119,21.79,171.7,83,14.59,250.9,114,11.29,11.7,6,3.16,3,False.
349-5617,61,33,270.7,53,46.02,200.7,116,17.06,201.7,102,9.08,10.9,3,2.94,3,False.
341-7332,37,0,206,89,35.02,186,88,15.81,307.1,86,13.82,8.4,11,2.27,0,False.
333-2964,94,0,136.2,114,23.15,165.1,118,14.03,137.9,71,6.21,9.6,5,2.59,0,False.
381-5047,104,0,76.4,116,12.99,115.6,74,9.83,226.3,94,10.18,9.4,3,2.54,3,False.
348-9945,94,0,139.4,95,23.7,159.1,92,13.52,128.2,129,5.77,7.7,3,2.08,0,False.
386-4581,99,0,145.6,102,24.75,230.9,87,19.63,181.5,86,8.17,11.4,7,3.08,1,False.
380-5246,48,0,128.2,71,21.79,48.1,78,4.09,116.3,80,5.23,8.9,3,2.4,0,False.
339-2792,121,28,110,94,18.7,141.5,76,12.03,237.3,87,10.68,6.4,3,1.73,2,False.
342-3678,103,0,62.8,124,10.68,170.4,66,14.48,280.2,78,12.61,9.4,4,2.54,3,False.
344-5181,119,0,294.2,100,50.01,232.5,53,19.76,195,64,8.78,9,1,2.43,0,True.
365-9011,113,0,125.2,93,21.28,206.4,119,17.54,129.3,139,5.82,8.3,8,2.24,0,False.
354-7077,152,20,239.1,105,40.65,209.1,111,17.77,268.2,130,12.07,13.3,3,3.59,5,False.
336-1462,36,0,202.4,115,34.41,230.7,115,19.61,202,127,9.09,10.2,2,2.75,3,False.
383-5474,36,0,177.9,129,30.24,224.6,87,19.09,306.3,102,13.78,10.8,6,2.92,2,False.
395-3852,86,33,253.1,112,43.03,210.1,94,17.86,95,98,4.27,11.9,4,3.21,3,False.
332-5820,145,0,224.2,89,38.11,314.9,121,26.77,182.9,121,8.23,16.1,3,4.35,1,True.
397-3746,86,0,162.4,131,27.61,167,102,14.2,128.9,118,5.8,11.4,2,3.08,2,True.
334-8694,105,0,270.9,98,46.05,226.2,110,19.23,178.8,60,8.05,8.8,5,2.38,0,True.
397-4304,99,0,169.2,70,28.76,271.5,77,23.08,170.2,104,7.66,10.6,2,2.86,0,False.
386-9981,99,0,200,66,34,107.9,104,9.17,233.7,82,10.52,11.4,2,3.08,3,False.
396-2945,147,0,212.8,79,36.18,204.1,91,17.35,156.2,113,7.03,10.2,2,2.75,1,False.
381-1328,166,0,136.1,116,23.14,181.4,93,15.42,131.4,108,5.91,11.3,4,3.05,0,False.
396-4234,148,0,218.7,111,37.18,155.6,133,13.23,277.4,62,12.48,8.2,5,2.21,1,False.
415-3689,137,22,189.6,42,32.23,179,137,15.22,179.6,126,8.08,11.4,5,3.08,2,False.
391-2334,95,0,58.2,96,9.89,202.1,126,17.18,210.5,97,9.47,10.4,5,2.81,0,False.
415-4051,148,0,239.3,84,40.68,195.7,85,16.63,232.6,104,10.47,10.9,3,2.94,1,False.
398-5970,55,0,269.6,121,45.83,171.7,91,14.59,219,98,9.86,8.2,6,2.21,1,False.
405-6559,145,0,229.6,82,39.03,138.1,103,11.74,250.8,109,11.29,3.3,3,0.89,1,False.
419-1674,44,0,228.1,121,38.78,276.5,79,23.5,279.8,77,12.59,9.9,5,2.67,2,True.
367-5226,84,0,289.1,100,49.15,233.8,97,19.87,223.5,148,10.06,12.7,2,3.43,2,True.
374-1836,64,43,118.4,100,20.13,144.1,108,12.25,158.1,91,7.11,8.5,6,2.3,1,False.
416-3649,127,0,143.2,60,24.34,179.5,159,15.26,171.8,122,7.73,6.2,4,1.67,4,True.
334-1872,112,0,193.3,96,32.86,264.1,123,22.45,128.6,115,5.79,9.1,3,2.46,4,False.
400-9510,78,0,252.9,93,42.99,178.4,112,15.16,263.9,105,11.88,9.5,7,2.57,3,False.
420-8308,90,0,200.9,92,34.15,164.3,91,13.97,249,98,11.21,8.9,7,2.4,1,False.
402-2482,117,17,221.3,82,37.62,167.6,100,14.25,262.7,87,11.82,4.4,4,1.19,0,False.
364-8128,105,0,125.4,116,21.32,261.5,95,22.23,241.6,104,10.87,11.4,9,3.08,2,False.
394-2553,117,31,104.9,115,17.83,237.6,125,20.2,263.4,104,11.85,7.7,6,2.08,3,False.
405-6641,136,0,92,117,15.64,253.6,77,21.56,214.1,90,9.63,10.3,10,2.78,1,False.
363-8033,112,0,266,97,45.22,214.6,94,18.24,306.2,100,13.78,14.2,2,3.83,2,True.
373-7974,133,0,295,141,50.15,223.6,101,19.01,229.4,109,10.32,12.9,4,3.48,2,True.
338-7120,13,21,315.6,105,53.65,208.9,71,17.76,260.1,123,11.7,12.1,3,3.27,3,False.
367-3439,143,0,194.3,99,33.03,123.6,133,10.51,229.5,99,10.33,10.2,2,2.75,2,False.
384-6654,106,0,178.4,143,30.33,247,123,21,259.9,105,11.7,9.6,2,2.59,0,False.
387-3422,123,28,124.7,105,21.2,250.4,78,21.28,216.4,128,9.74,7.8,8,2.11,1,False.
357-8515,89,12,188,105,31.96,151.3,107,12.86,201.9,132,9.09,10.5,3,2.84,2,False.
353-1941,9,31,193.8,130,32.95,202.6,98,17.22,191.2,102,8.6,13.3,2,3.59,1,False.
403-7775,114,32,125.2,79,21.28,177.8,105,15.11,232.4,89,10.46,12.9,3,3.48,1,False.
334-7685,43,0,84.2,134,14.31,80.8,103,6.87,196.1,79,8.82,10.8,2,2.92,1,False.
333-3421,110,0,149.8,112,25.47,180,93,15.3,140,119,6.3,11.7,4,3.16,2,False.
353-3305,78,0,130.8,64,22.24,223.7,116,19.01,227.8,108,10.25,10,5,2.7,1,False.
330-5168,63,49,214.9,86,36.53,198.2,89,16.85,170.8,139,7.69,8.2,5,2.21,0,False.
411-1715,97,0,143.7,117,24.43,273,82,23.21,178.3,81,8.02,10.9,3,2.94,0,False.
377-5441,120,23,221.9,114,37.72,254.7,84,21.65,250.5,117,11.27,7.2,5,1.94,2,False.
369-7017,77,28,135.9,117,23.1,244.5,102,20.78,207.5,74,9.34,11.5,3,3.11,4,True.
382-4084,86,39,261.2,122,44.4,214.2,101,18.21,154.9,101,6.97,12.7,5,3.43,2,False.
351-9604,141,28,206.9,126,35.17,264.4,126,22.47,171.8,124,7.73,9.3,11,2.51,2,False.
357-4573,136,0,102.1,75,17.36,219.5,97,18.66,73.7,92,3.32,9.8,5,2.65,0,False.
417-3676,155,0,262.4,55,44.61,194.6,113,16.54,146.5,85,6.59,8.3,6,2.24,2,False.
353-7289,34,0,124.8,82,21.22,282.2,98,23.99,311.5,78,14.02,10,4,2.7,2,False.
339-6637,149,28,126.9,97,21.57,166.9,102,14.19,145.2,77,6.53,8.8,3,2.38,5,True.
399-3083,45,0,78.6,106,13.36,187.3,110,15.92,184.2,111,8.29,7.4,5,2,1,True.
329-7102,63,0,132.9,122,22.59,67,62,5.7,160.4,121,7.22,9.9,2,2.67,3,False.
414-4276,192,36,156.2,77,26.55,215.5,126,18.32,279.1,83,12.56,9.9,6,2.67,2,False.
345-5338,119,0,176.8,90,30.06,224.7,81,19.1,204.6,77,9.21,7.5,15,2.03,1,False.
404-8765,119,0,98.8,97,16.8,146.9,68,12.49,190.7,105,8.58,10,4,2.7,3,False.
358-9146,7,0,206.7,87,35.14,281.1,83,23.89,158.5,77,7.13,11,5,2.97,3,False.
373-8483,71,0,238,82,40.46,278.5,94,23.67,193.1,134,8.69,11.8,10,3.19,0,True.
375-2975,55,0,191.9,91,32.62,256.1,110,21.77,203.7,101,9.17,14.3,6,3.86,1,True.
405-3848,132,0,214.6,78,36.48,251.7,98,21.39,240.8,88,10.84,13.9,2,3.75,0,False.
404-5597,19,0,201.5,123,34.26,129.2,110,10.98,220.6,98,9.93,12.9,4,3.48,1,False.
385-8997,100,0,278,76,47.26,176.7,74,15.02,219.5,126,9.88,8.3,4,2.24,0,True.
382-7993,122,33,270.8,96,46.04,220.4,110,18.73,169.9,104,7.65,11.8,8,3.19,4,False.
414-8718,61,27,187.5,124,31.88,146.6,103,12.46,225.7,129,10.16,6.4,6,1.73,4,True.
401-8377,69,0,167.5,76,28.48,242.1,92,20.58,101.2,103,4.55,11.4,4,3.08,2,False.
385-1214,97,0,168.6,87,28.66,259.2,105,22.03,279.8,123,12.59,7.3,4,1.97,1,False.
329-2918,80,0,149.8,123,25.47,276.3,75,23.49,241.4,75,10.86,10.9,7,2.94,2,False.
366-9015,94,0,220.8,111,37.54,156.2,67,13.28,187.9,89,8.46,10.5,4,2.84,2,False.
387-2041,86,0,70.7,125,12.02,211,113,17.94,174.6,107,7.86,0,0,0,2,False.
366-7069,122,0,180,88,30.6,145,77,12.33,233.7,120,10.52,11.5,6,3.11,2,False.
334-2730,151,0,134.5,88,22.87,143.1,112,12.16,223.9,61,10.08,15.4,1,4.16,1,False.
374-9203,93,0,267.9,114,45.54,223,74,18.96,262.7,90,11.82,11.3,3,3.05,3,True.
387-6065,147,0,124.4,74,21.15,320.9,78,27.28,157.2,126,7.07,10.4,4,2.81,2,False.
412-9357,52,38,169.3,88,28.78,225.9,97,19.2,172,86,7.74,8.2,3,2.21,0,False.
363-8755,63,0,117.1,118,19.91,249.6,90,21.22,162.2,84,7.3,11.1,4,3,3,False.
361-4137,35,0,260.8,87,44.34,258.1,78,21.94,131.3,123,5.91,5.8,2,1.57,1,False.
330-2693,112,0,161.9,138,27.52,200.9,114,17.08,134,134,6.03,10.7,4,2.89,1,False.
333-9002,131,0,131.6,95,22.37,179.3,109,15.24,251.2,129,11.3,15.5,3,4.19,1,True.
409-8743,62,0,98.9,103,16.81,135.4,122,11.51,236.6,82,10.65,12.2,1,3.29,1,False.
345-5089,57,0,189.3,157,32.18,174.9,70,14.87,221.9,117,9.99,11.2,5,3.02,3,False.
417-4810,184,0,236.4,73,40.19,287.3,120,24.42,192,94,8.64,13.8,4,3.73,1,True.
394-9121,153,0,195.4,107,33.22,154.6,96,13.14,142.8,97,6.43,11.6,6,3.13,1,False.
411-5748,125,0,106.1,95,18.04,157.6,113,13.4,192.5,69,8.66,8.1,3,2.19,1,False.
406-1247,42,32,163.8,80,27.85,177.8,123,15.11,190.4,106,8.57,8.1,5,2.19,0,False.
335-9066,74,0,162.7,102,27.66,292,105,24.82,183.3,80,8.25,8.7,6,2.35,0,False.
353-6870,90,0,145.5,92,24.74,217.7,114,18.5,146.9,123,6.61,10.9,2,2.94,3,False.
347-4982,111,0,191.3,80,32.52,138.5,94,11.77,246,107,11.07,6.4,3,1.73,2,False.
354-4445,85,0,201.4,52,34.24,229.4,104,19.5,252.5,106,11.36,12,3,3.24,1,False.
343-5372,132,25,113.2,96,19.24,269.9,107,22.94,229.1,87,10.31,7.1,7,1.92,2,False.
414-4037,88,27,93.4,106,15.88,252,92,21.42,189,104,8.5,10.9,1,2.94,1,False.
361-6814,34,0,193.7,74,32.93,126.9,84,10.79,221.2,166,9.95,8.8,4,2.38,0,False.
328-5188,117,0,287.4,118,48.86,259.6,84,22.07,153.2,86,6.89,10,3,2.7,1,True.
355-8887,46,0,214.1,72,36.4,164.4,104,13.97,177.5,113,7.99,8.2,3,2.21,2,False.
332-5521,122,0,157.1,134,26.71,184.9,122,15.72,197.2,59,8.87,8.5,5,2.3,4,True.
351-3316,98,0,158.4,71,26.93,306.6,66,26.06,144.2,93,6.49,2.1,4,0.57,1,False.
364-5362,141,0,185.1,126,31.47,233,98,19.81,152.2,106,6.85,9.1,7,2.46,0,False.
398-7978,129,0,216,85,36.72,186.9,114,15.89,210.7,109,9.48,4.9,10,1.32,2,False.
416-1557,171,25,223.2,77,37.94,183.2,118,15.57,150.8,90,6.79,10.2,3,2.75,3,False.
392-8905,172,0,215.7,140,36.67,146.3,84,12.44,264.6,83,11.91,7.1,1,1.92,3,False.
354-3545,63,13,214.2,61,36.41,181.2,88,15.4,174,68,7.83,10.3,2,2.78,0,False.
365-2341,96,21,247.6,95,42.09,256.3,150,21.79,158.6,72,7.14,10.8,6,2.92,2,False.
384-7236,138,28,211.2,117,35.9,312.5,98,26.56,178,118,8.01,10.7,2,2.89,3,True.
351-7016,98,0,162.8,65,27.68,185,109,15.73,219.5,104,9.88,6,3,1.62,2,False.
349-4369,133,0,127.3,108,21.64,251.3,81,21.36,135,88,6.08,10.3,3,2.78,1,False.
347-6164,90,0,167.5,96,28.48,139.1,104,11.82,138.4,87,6.23,13,1,3.51,1,False.
362-7581,81,37,237.1,76,40.31,264.2,125,22.46,271.3,120,12.21,7.9,3,2.13,1,False.
354-3237,98,0,221.2,80,37.6,213.6,104,18.16,291.8,89,13.13,11.9,3,3.21,4,False.
345-3451,78,0,75,116,12.75,248.7,87,21.14,176,83,7.92,9.5,6,2.57,3,False.
380-9063,177,0,175.7,120,29.87,168.6,90,14.33,198.9,110,8.95,14.6,4,3.94,1,False.
369-6890,188,26,198.8,115,33.8,166.6,67,14.16,198.5,118,8.93,14.4,3,3.89,1,True.
355-2872,3,0,139,99,23.63,250.7,108,21.31,286.2,87,12.88,6.1,3,1.65,4,False.
411-8956,33,0,164,99,27.88,153.1,102,13.01,123.8,104,5.57,6.4,4,1.73,0,False.
365-5979,46,0,250.3,100,42.55,260.6,90,22.15,195,104,8.78,13.3,2,3.59,2,True.
349-4979,129,0,159.1,100,27.05,202.5,90,17.21,233.1,96,10.49,11.5,6,3.11,2,False.
401-4844,51,0,169.3,111,28.78,139.5,69,11.86,197,87,8.87,12,3,3.24,0,False.
334-4678,20,35,171.5,98,29.16,153.1,127,13.01,165.6,125,7.45,7.1,3,1.92,0,False.
332-8103,91,31,273,78,46.41,215.5,98,18.32,104.7,114,4.71,9.6,2,2.59,1,False.
348-8711,123,23,245,88,41.65,265,105,22.53,239.7,108,10.79,14.9,3,4.02,2,False.
408-6676,60,0,221.1,106,37.59,178.6,48,15.18,202.7,90,9.12,7.4,3,2,1,False.
333-2906,133,0,245.8,102,41.79,264.7,90,22.5,111.7,103,5.03,11.2,7,3.02,0,False.
413-4811,91,0,147.2,121,25.02,175.2,87,14.89,136.3,80,6.13,13.3,3,3.59,2,False.
363-3763,162,0,49.2,121,8.36,143.9,136,12.23,203,97,9.14,12.1,13,3.27,1,False.
383-6293,56,0,226,112,38.42,248.5,118,21.12,140.5,142,6.32,6.9,11,1.86,1,False.
418-5300,47,0,47.8,120,8.13,178.9,123,15.21,152.6,96,6.87,13.3,7,3.59,0,True.
336-9390,84,0,159.5,125,27.12,247.1,90,21,187.9,82,8.46,7.2,4,1.94,2,False.
374-5965,10,0,183,103,31.11,214.8,77,18.26,206.4,73,9.29,8.7,6,2.35,2,False.
366-1613,136,0,259.4,99,44.1,172.7,125,14.68,293.7,78,13.22,10.7,6,2.89,1,True.
406-6708,67,0,167.8,91,28.53,167.7,69,14.25,110.3,71,4.96,8.4,12,2.27,1,False.
345-3734,96,26,175.8,96,29.89,206.6,84,17.56,178,105,8.01,11.1,2,3,2,False.
390-8760,121,0,181.5,121,30.86,218.4,98,18.56,161.6,103,7.27,8.5,5,2.3,1,False.
332-7607,33,35,161.9,85,27.52,151.2,82,12.85,191,131,8.59,8.5,2,2.3,1,False.
414-9119,89,0,82.3,77,13.99,167.2,80,14.21,194.7,70,8.76,7.2,4,1.94,1,False.
402-7650,136,27,187.7,84,31.91,221,147,18.79,145.7,110,6.56,10,4,2.7,3,False.
422-1799,152,0,141.5,102,24.06,263,94,22.36,207.1,113,9.32,3.4,4,0.92,2,False.
377-9829,91,20,146.1,98,24.84,277.4,104,23.58,137.7,100,6.2,6.2,3,1.67,1,False.
383-4802,87,19,165.8,122,28.19,186.9,89,15.89,249.7,78,11.24,0,0,0,1,False.
395-1898,87,22,240.8,102,40.94,75.9,106,6.45,224.6,115,10.11,7.1,3,1.92,2,False.
369-6880,41,34,194.4,63,33.05,254.9,110,21.67,160.2,115,7.21,17.2,9,4.64,2,False.
351-8955,65,0,153.9,117,26.16,220.1,122,18.71,280.5,147,12.62,8.5,3,2.3,2,False.
358-4412,79,17,236.7,95,40.24,263.5,56,22.4,259.6,107,11.68,12,4,3.24,1,False.
418-5708,112,27,213,121,36.21,226.2,101,19.23,189.8,99,8.54,11.1,3,3,4,False.
373-8900,201,0,212.7,72,36.16,225.2,90,19.14,195.1,99,8.78,7,6,1.89,1,False.
406-5003,75,0,203.3,70,34.56,228.9,97,19.46,222.2,118,10,14.3,3,3.86,1,False.
415-3158,87,0,58,125,9.86,67.5,116,5.74,185.9,136,8.37,11.5,3,3.11,0,False.
395-2579,120,43,177.9,117,30.24,175.1,70,14.88,161.3,117,7.26,11.5,4,3.11,1,False.
420-7301,87,0,169.1,105,28.75,169.9,102,14.44,244.9,106,11.02,9.9,10,2.67,3,False.
359-7255,134,50,208.8,130,35.5,132.9,104,11.3,136.7,107,6.15,11.1,4,3,2,False.
365-3493,176,0,201.9,101,34.32,154.7,78,13.15,164.4,79,7.4,9,2,2.43,1,False.
367-3648,141,0,51.9,108,8.82,162,83,13.77,223.5,115,10.06,10.1,3,2.73,3,False.
356-1952,64,0,124.1,117,21.1,192.8,108,16.39,162.9,84,7.33,6.4,5,1.73,3,False.
337-7377,72,39,92.8,98,15.78,271.2,115,23.05,167.1,83,7.52,5.8,7,1.57,1,False.
334-1339,102,0,158,94,26.86,207.9,100,17.67,190.4,120,8.57,10.1,10,2.73,0,False.
418-9385,78,0,190.3,88,32.35,194.5,89,16.53,256.5,109,11.54,11.7,5,3.16,2,False.
392-2555,98,0,0,0,0,159.6,130,13.57,167.1,88,7.52,6.8,1,1.84,4,True.
416-4464,106,0,193.6,66,32.91,238.2,82,20.25,176.4,107,7.94,12.9,3,3.48,0,False.
373-5732,137,0,242.1,118,41.16,191,93,16.24,218.6,50,9.84,14.7,2,3.97,3,False.
416-8827,117,0,102.3,100,17.39,135.2,104,11.49,199.7,93,8.99,15.7,10,4.24,3,False.
399-1021,127,23,182,80,30.94,216.1,85,18.37,156.9,82,7.06,9.8,4,2.65,1,False.
359-5160,143,33,239.2,109,40.66,235.5,112,20.02,156.3,95,7.03,9.5,4,2.57,1,False.
343-1458,119,0,133.4,102,22.68,204.6,71,17.39,196.9,103,8.86,11.1,7,3,1,False.
357-2679,105,0,213.4,100,36.28,204.9,52,17.42,179.7,93,8.09,9.5,6,2.57,1,False.
410-9633,106,0,187.1,104,31.81,250.2,117,21.27,144.9,81,6.52,11,3,2.97,1,False.
368-2458,121,0,168.6,121,28.66,168.6,94,14.33,95.3,59,4.29,12.3,4,3.32,1,False.
382-2453,80,0,197.6,83,33.59,164.5,86,13.98,94,98,4.23,6.4,6,1.73,1,False.
329-6144,81,0,154.5,84,26.27,216.2,91,18.38,229.8,82,10.34,13.7,3,3.7,1,False.
348-5569,158,0,195.9,103,33.3,89.1,95,7.57,302.2,82,13.6,10.3,3,2.78,1,False.
380-9409,53,0,119.7,113,20.35,189.7,84,16.12,256.2,108,11.53,12.9,7,3.48,2,False.
335-3133,139,0,181.6,119,30.87,335.7,118,28.53,149.8,64,6.74,8.3,6,2.24,4,False.
415-2641,72,0,207.8,92,35.33,195.7,110,16.63,184.8,124,8.32,13.1,4,3.54,0,False.
382-4943,147,0,130.6,83,22.2,208.1,144,17.69,204.6,72,9.21,15.6,3,4.21,3,False.
390-2320,104,0,139.7,78,23.75,202.6,119,17.22,203.6,102,9.16,11.3,5,3.05,2,False.
414-7446,134,0,244.1,99,41.5,246.9,111,20.99,200,133,9,7.2,2,1.94,0,False.
334-9163,166,28,175.8,126,29.89,253.6,76,21.56,128.5,72,5.78,11.4,5,3.08,1,False.
346-4216,154,35,224,102,38.08,192,99,16.32,163.1,100,7.34,9.6,2,2.59,0,False.
415-6347,121,0,144.8,126,24.62,200.6,82,17.05,208.8,81,9.4,13.3,9,3.59,0,True.
400-6257,99,42,216,125,36.72,232.3,104,19.75,215.5,100,9.7,9.3,4,2.51,2,True.
346-2359,110,0,148.5,115,25.25,276.4,84,23.49,193.6,112,8.71,12.4,3,3.35,1,False.
397-6064,13,25,176.6,65,30.02,172.7,96,14.68,104.5,128,4.7,11.3,5,3.05,2,False.
336-5920,122,0,232.5,96,39.53,205.5,120,17.47,213.7,91,9.62,11.9,2,3.21,0,False.
333-6296,84,0,216.1,114,36.74,197.5,107,16.79,217.8,104,9.8,9.8,3,2.65,1,False.
383-9448,72,0,179.9,113,30.58,149.8,112,12.73,168.2,79,7.57,9.8,7,2.65,2,False.
373-1448,51,0,229.7,129,39.05,336,104,28.56,192.8,128,8.68,9.6,1,2.59,1,True.
345-6043,82,0,207,90,35.19,232.9,83,19.8,172.4,108,7.76,9.1,8,2.46,3,False.
357-4078,110,40,202.6,103,34.44,118.8,128,10.1,234.9,98,10.57,9,9,2.43,2,False.
328-1222,118,0,188.8,60,32.1,217.4,64,18.48,220.1,100,9.9,8.2,7,2.21,4,False.
339-4317,95,27,129.5,106,22.02,248.9,90,21.16,268,115,12.06,11.9,3,3.21,1,False.
417-7736,124,37,161.2,109,27.4,204.2,79,17.36,231.5,87,10.42,8.9,4,2.4,1,False.
366-8382,36,0,235.1,97,39.97,196.8,104,16.73,259.7,110,11.69,7,7,1.89,3,False.
338-3781,104,0,156.2,93,26.55,193,54,16.41,222.7,94,10.02,13.1,5,3.54,1,False.
386-1131,37,0,191.4,116,32.54,167.4,99,14.23,216.5,112,9.74,14,5,3.78,3,False.
368-5165,107,0,206.9,79,35.17,262.4,117,22.3,149.3,69,6.72,10.7,3,2.89,0,False.
408-6725,63,0,211.8,84,36.01,230.9,137,19.63,217.1,99,9.77,10.7,9,2.89,3,False.
393-1891,105,0,251.6,88,42.77,175.1,103,14.88,184.4,112,8.3,5.4,5,1.46,1,False.
335-9726,61,25,163.7,78,27.83,113.2,112,9.62,134.1,118,6.03,9.9,3,2.67,3,False.
332-3617,88,0,181.5,116,30.86,187,119,15.9,220.3,96,9.91,10.5,7,2.84,1,False.
360-1852,60,0,252.7,97,42.96,221.1,121,18.79,109.9,100,4.95,12.4,4,3.35,2,False.
352-9050,98,0,136.1,82,23.14,156.3,118,13.29,158.8,83,7.15,10.1,5,2.73,2,False.
393-4949,43,0,168.4,125,28.63,243.8,89,20.72,214.7,102,9.66,11.1,2,3,1,False.
399-9802,81,28,167.9,147,28.54,190.7,105,16.21,193,103,8.69,9.2,6,2.48,4,True.
390-5316,101,24,114.1,95,19.4,161.5,86,13.73,176.3,90,7.93,13,9,3.51,2,False.
397-2870,174,0,190.3,98,32.35,252.7,70,21.48,220.6,97,9.93,7.2,9,1.94,2,False.
393-5802,115,0,178.7,114,30.38,271,96,23.04,245.9,94,11.07,16.4,5,4.43,2,False.
397-7411,29,0,157.4,122,26.76,145,75,12.33,281.8,92,12.68,9.3,2,2.51,1,False.
368-8555,78,0,193.4,99,32.88,116.9,88,9.94,243.3,109,10.95,9.3,4,2.51,2,False.
408-6326,76,0,263.4,148,44.78,230.3,69,19.58,170.6,101,7.68,11.4,5,3.08,1,True.
389-7073,48,37,211.7,115,35.99,159.9,84,13.59,144.1,80,6.48,12.2,1,3.29,1,False.
360-2690,87,28,151.4,95,25.74,152.4,97,12.95,250.1,109,11.25,0,0,0,1,False.
400-9770,82,0,143.9,61,24.46,194.9,105,16.57,109.6,94,4.93,11.1,2,3,1,False.
398-1294,119,0,159.1,114,27.05,231.3,117,19.66,143.2,91,6.44,8.8,3,2.38,5,True.
332-3693,87,0,124.3,91,21.13,173.4,105,14.74,256.3,109,11.53,7.5,5,2.03,3,False.
408-5916,78,0,87,102,14.79,193.6,64,16.46,205.8,120,9.26,11,5,2.97,0,False.
340-9013,83,0,78.1,70,13.28,239.3,115,20.34,144.4,112,6.5,12.3,4,3.32,1,False.
377-1479,111,24,205.5,114,34.94,219.3,99,18.64,215.9,95,9.72,14,4,3.78,1,False.
350-1422,75,38,163.6,132,27.81,146.7,113,12.47,345.8,115,15.56,13.1,3,3.54,3,False.
327-6764,105,0,162.3,99,27.59,212.5,95,18.06,214.7,114,9.66,11.1,8,3,4,False.
393-3535,116,0,167.8,119,28.53,142,123,12.07,190.7,128,8.58,7.3,4,1.97,2,False.
375-5439,38,31,197.2,118,33.52,249.9,70,21.24,298.9,104,13.45,3.9,2,1.05,0,False.
338-6981,51,0,232.4,109,39.51,187.4,95,15.93,231.2,107,10.4,9.1,3,2.46,1,False.
336-2322,16,0,161.9,100,27.52,230.1,138,19.56,148.8,78,6.7,10.2,11,2.75,3,False.
404-4611,152,0,101.2,122,17.2,141.6,87,12.04,198.5,124,8.93,7.5,3,2.03,2,False.
383-8695,101,33,200.1,108,34.02,188.9,122,16.06,205.1,90,9.23,15.5,4,4.19,0,False.
363-8715,138,26,183.9,83,31.26,240.7,93,20.46,185.7,125,8.36,15,3,4.05,1,False.
402-2072,70,0,214.8,87,36.52,131,114,11.14,216.9,104,9.76,9.4,3,2.54,3,False.
405-4606,92,31,172.3,116,29.29,266.2,91,22.63,228.2,90,10.27,11.8,5,3.19,1,False.
402-7626,73,0,214.2,90,36.41,196.8,78,16.73,157.9,112,7.11,5.9,8,1.59,0,False.
353-3372,99,0,256.4,44,43.59,214.5,105,18.23,233.7,75,10.52,7.9,1,2.13,3,True.
366-8939,60,0,205.9,97,35,277.4,117,23.58,202,139,9.09,11,2,2.97,0,True.
364-9904,52,0,155,110,26.35,133.4,104,11.34,176.1,84,7.92,7,4,1.89,4,True.
416-7591,40,0,242.5,82,41.23,232.9,97,19.8,154,86,6.93,9.6,7,2.59,0,False.
351-7269,161,0,332.9,67,56.59,317.8,97,27.01,160.6,128,7.23,5.4,9,1.46,4,True.
358-5721,78,0,87.7,74,14.91,214.8,58,18.26,201.3,147,9.06,10.8,6,2.92,1,False.
385-2488,106,32,165.9,126,28.2,216.5,93,18.4,173.1,86,7.79,14.1,8,3.81,4,False.
394-9984,131,0,263.4,123,44.78,151.9,74,12.91,218.5,101,9.83,10.7,2,2.89,2,False.
420-6052,123,0,204.4,88,34.75,137.5,111,11.69,226,100,10.17,10,4,2.7,0,False.
412-1194,145,24,147.5,90,25.08,175.7,108,14.93,252.1,102,11.34,15.6,3,4.21,2,False.
382-9447,134,0,183.8,111,31.25,123.5,92,10.5,160.7,105,7.23,6.1,2,1.65,1,False.